title,url,time_added,tags,status
How to Do Great Work,https://paulgraham.com/greatwork.html,1689602400,essays|career,unread
The Missing Semester of Your CS Education,https://missing.csail.mit.edu/,1693495800,dev|learning,unread
Designing Data-Intensive Applications,https://dataintensive.net/,1696170000,dev|databases,archive
Write Simply,https://paulgraham.com/simply.html,1679932800,writing|essays,archive
The Twelve-Factor App,https://12factor.net/,1701389700,dev|architecture,unread
Falsehoods Programmers Believe About Time,https://infiniteundo.com/post/25326999628/falsehoods-programmers-believe-about-time,1704286800,dev|time,unread
Teach Yourself Programming in Ten Years,https://norvig.com/21-days.html,1707051600,learning|career,archive
Choose Boring Technology,https://mcfunley.com/choose-boring-technology,1709816400,architecture,unread
The Grug Brained Developer,https://grugbrain.dev/,1712581200,dev|humor,unread
Things You Should Never Do Part I,https://www.joelonsoftware.com/2000/04/06/things-you-should-never-do-part-i/,1715346000,dev|essays,archive
Semantic Versioning 2.0.0,https://semver.org/,1718110800,dev,unread
"The Log: What every software engineer should know about real-time data",https://engineering.linkedin.com/distributed-systems/log-what-every-software-engineer-should-know-about-real-time-datas-unifying,1720875600,dev|databases,unread
